{"cameraMode":{"drawMode":0,"name":"Shaded","section":"Shading Mode"},"sceneLighting":true,"audioPlay":false,"sceneViewState":{"showFog":true,"showMaterialUpdate":false,"showSkybox":true,"showFlares":true,"showImageEffects":true,"showParticleSystems":true},"in2DMode":false,"pivot":{"x":17.700000762939454,"y":8.770000457763672,"z":35.380001068115237},"rotation":{"x":0.10926030576229096,"y":0.023526744917035104,"z":-0.002703018020838499,"w":0.993830680847168},"size":4.041658401489258,"orthographic":false}