{"cameraMode":{"drawMode":0,"name":"Shaded","section":"Shading Mode"},"sceneLighting":true,"audioPlay":false,"sceneViewState":{"showFog":true,"showMaterialUpdate":false,"showSkybox":true,"showFlares":true,"showImageEffects":true,"showParticleSystems":true},"in2DMode":false,"pivot":{"x":29.65509605407715,"y":66.73735046386719,"z":-0.6718875765800476},"rotation":{"x":0.7006760835647583,"y":0.007491007912904024,"z":-0.007357361260801554,"w":0.7134028673171997},"size":23.18962860107422,"orthographic":false}