{"cameraMode":{"drawMode":0,"name":"Shaded","section":"Shading Mode"},"sceneLighting":false,"audioPlay":false,"sceneViewState":{"showFog":true,"showMaterialUpdate":false,"showSkybox":false,"showFlares":true,"showImageEffects":true,"showParticleSystems":true},"in2DMode":false,"pivot":{"x":64.7010269165039,"y":0.7506060004234314,"z":2.777249574661255},"rotation":{"x":0.21613577008247376,"y":0.4222539961338043,"z":-0.10441040992736817,"w":0.8741370439529419},"size":9.834918975830079,"orthographic":false}