{"cameraMode":{"drawMode":0,"name":"Shaded","section":"Shading Mode"},"sceneLighting":false,"audioPlay":false,"sceneViewState":{"showFog":true,"showMaterialUpdate":false,"showSkybox":false,"showFlares":true,"showImageEffects":true,"showParticleSystems":true},"in2DMode":false,"pivot":{"x":-156.40573120117188,"y":-4.397172927856445,"z":-54.71649169921875},"rotation":{"x":-0.14856025576591493,"y":0.43719446659088137,"z":-0.07346905022859574,"w":-0.8839795589447022},"size":92.50406646728516,"orthographic":false}