{"cameraMode":{"drawMode":0,"name":"Shaded","section":"Shading Mode"},"sceneLighting":true,"audioPlay":false,"sceneViewState":{"showFog":true,"showMaterialUpdate":false,"showSkybox":true,"showFlares":true,"showImageEffects":true,"showParticleSystems":true},"in2DMode":false,"pivot":{"x":18.813201904296876,"y":7.699600696563721,"z":-10.961040496826172},"rotation":{"x":0.07111260294914246,"y":-0.24812333285808564,"z":0.018357010558247567,"w":0.9660730957984924},"size":1.3118488788604737,"orthographic":false}