{"cameraMode":{"drawMode":0,"name":"Shaded","section":"Shading Mode"},"sceneLighting":true,"audioPlay":false,"sceneViewState":{"showFog":true,"showMaterialUpdate":false,"showSkybox":true,"showFlares":true,"showImageEffects":true,"showParticleSystems":true},"in2DMode":false,"pivot":{"x":14.388344764709473,"y":9.594091415405274,"z":-4.652482986450195},"rotation":{"x":-0.26755133271217348,"y":0.6645990610122681,"z":-0.27785930037498476,"w":-0.6399425268173218},"size":4.041658401489258,"orthographic":false}