{"cameraMode":{"drawMode":0,"name":"Shaded","section":"Shading Mode"},"sceneLighting":false,"audioPlay":false,"sceneViewState":{"showFog":true,"showMaterialUpdate":false,"showSkybox":false,"showFlares":true,"showImageEffects":true,"showParticleSystems":true},"in2DMode":false,"pivot":{"x":36.04999923706055,"y":7.229999542236328,"z":6.710000038146973},"rotation":{"x":-0.06302933394908905,"y":-0.9209104776382446,"z":0.16757455468177796,"w":-0.3463340401649475},"size":4.041657447814941,"orthographic":false}