{"cameraMode":{"drawMode":0,"name":"Shaded","section":"Shading Mode"},"sceneLighting":true,"audioPlay":false,"sceneViewState":{"showFog":true,"showMaterialUpdate":false,"showSkybox":true,"showFlares":true,"showImageEffects":true,"showParticleSystems":true},"in2DMode":false,"pivot":{"x":11.560450553894043,"y":9.944852828979493,"z":2.461554527282715},"rotation":{"x":0.43075889348983767,"y":-0.025452757254242898,"z":0.0121700344607234,"w":0.9020798206329346},"size":2.351365089416504,"orthographic":false}